{
    "GRS80" : {
        "a" : 6378137.0,
        "b" : null,
        "f" : 298.257222101,
        "GM" : 398600500000000.0,
        "We" : 7.292115e-05,
        "J2" : -0.00108263
    },
    "WGS84" : {
        "a" : 6378137.0,
        "b" : null,
        "f" : 298.257223563,
        "GM" : 398600441800000.0,
        "We" : 7.292115e-05,
        "J2" : -0.001081874
    }
}
